candidate,party,timestamp
HICHAM,Parti Alpha,1743972247.0491257
IKRAM,Parti Bêta,1743972249.0550916
HICHAM,Parti Alpha,1743972251.058132
SALIH,Parti Gamma,1743972253.0609925
IKRAM,Parti Bêta,1743972255.0633585
SALIH,Parti Gamma,1743972257.0659778
SALIH,Parti Gamma,1743972259.0688362
SALIH,Parti Gamma,1743972261.0721657
SALIH,Parti Gamma,1743972263.074841
HICHAM,Parti Alpha,1743972265.0777328
HICHAM,Parti Alpha,1743972267.0797086
HICHAM,Parti Alpha,1743972269.0819783
IKRAM,Parti Bêta,1743972271.0827856
IKRAM,Parti Bêta,1743972273.0861301
HICHAM,Parti Alpha,1743972275.0890706
IKRAM,Parti Bêta,1743972277.0930586
HICHAM,Parti Alpha,1743972279.096792
IKRAM,Parti Bêta,1743972281.1000955
IKRAM,Parti Bêta,1743972283.1048117
IKRAM,Parti Bêta,1743972285.1079772
HICHAM,Parti Alpha,1743972287.1120806
IKRAM,Parti Bêta,1743972289.115283
IKRAM,Parti Bêta,1743972291.1186066
IKRAM,Parti Bêta,1743972293.1215565
SALIH,Parti Gamma,1743972295.124693
IKRAM,Parti Bêta,1743972297.1265666
SALIH,Parti Gamma,1743972299.1289713
IKRAM,Parti Bêta,1743972301.1308239
IKRAM,Parti Bêta,1743972303.1327317
HICHAM,Parti Alpha,1743972305.136237
SALIH,Parti Gamma,1743972307.1390111
IKRAM,Parti Bêta,1743972309.1417713
SALIH,Parti Gamma,1743972311.1437452
IKRAM,Parti Bêta,1743972313.1470654
HICHAM,Parti Alpha,1743972315.1498797
HICHAM,Parti Alpha,1743972317.1531484
HICHAM,Parti Alpha,1743972319.155918
SALIH,Parti Gamma,1743972321.1587603
SALIH,Parti Gamma,1743972323.160972
SALIH,Parti Gamma,1743972325.1640813
HICHAM,Parti Alpha,1743972327.1679394
HICHAM,Parti Alpha,1743972329.172657
IKRAM,Parti Bêta,1743972331.1762936
IKRAM,Parti Bêta,1743972333.1838927
IKRAM,Parti Bêta,1743972335.1917696
IKRAM,Parti Bêta,1743972337.1947646
SALIH,Parti Gamma,1743972339.1979742
SALIH,Parti Gamma,1743972341.2005548
SALIH,Parti Gamma,1743972343.2041705
HICHAM,Parti Alpha,1743972345.2088196
IKRAM,Parti Bêta,1743972347.211022
SALIH,Parti Gamma,1743972349.2131789
HICHAM,Parti Alpha,1743972351.215961
HICHAM,Parti Alpha,1743972353.218813
IKRAM,Parti Bêta,1743972355.221091
IKRAM,Parti Bêta,1743972357.2237794
SALIH,Parti Gamma,1743972359.225599
SALIH,Parti Gamma,1743972361.227808
HICHAM,Parti Alpha,1743972363.2309847
IKRAM,Parti Bêta,1743972365.2340326
SALIH,Parti Gamma,1743972367.2366087
IKRAM,Parti Bêta,1743972369.240293
SALIH,Parti Gamma,1743972371.2439265
HICHAM,Parti Alpha,1743972373.2468214
SALIH,Parti Gamma,1743972375.249699
HICHAM,Parti Alpha,1743972377.2509706
SALIH,Parti Gamma,1743972379.2539973
HICHAM,Parti Alpha,1743972381.2568443
HICHAM,Parti Alpha,1743972383.2592642
IKRAM,Parti Bêta,1743972385.2618628
HICHAM,Parti Alpha,1743972387.2643328
IKRAM,Parti Bêta,1743972389.2672985
IKRAM,Parti Bêta,1743972391.26982
SALIH,Parti Gamma,1743972393.2772331
HICHAM,Parti Alpha,1743972395.2798991
IKRAM,Parti Bêta,1743972397.282741
IKRAM,Parti Bêta,1743972399.2858675
SALIH,Parti Gamma,1743972401.2880123
HICHAM,Parti Alpha,1743972403.2911358
IKRAM,Parti Bêta,1743972405.2958856
HICHAM,Parti Alpha,1743972407.298886
HICHAM,Parti Alpha,1743972409.3016524
HICHAM,Parti Alpha,1743972411.3039331
HICHAM,Parti Alpha,1743972413.3095667
SALIH,Parti Gamma,1743972415.3117306
IKRAM,Parti Bêta,1743972417.3138146
HICHAM,Parti Alpha,1743972419.318782
IKRAM,Parti Bêta,1743972421.3210714
SALIH,Parti Gamma,1743972423.3238847
IKRAM,Parti Bêta,1743972425.3266485
HICHAM,Parti Alpha,1743972427.329127
IKRAM,Parti Bêta,1743972429.3315387
SALIH,Parti Gamma,1743972431.335005
IKRAM,Parti Bêta,1743972433.3380072
HICHAM,Parti Alpha,1743972435.3399827
SALIH,Parti Gamma,1743972437.3428085
IKRAM,Parti Bêta,1743972439.3452973
IKRAM,Parti Bêta,1743972441.347682
IKRAM,Parti Bêta,1743972443.349558
IKRAM,Parti Bêta,1743972445.352027
SALIH,Parti Gamma,1743972447.3536885
HICHAM,Parti Alpha,1743972449.355757
SALIH,Parti Gamma,1743972451.3585348
IKRAM,Parti Bêta,1743972453.3607993
HICHAM,Parti Alpha,1743972455.3637853
SALIH,Parti Gamma,1743972457.3671212
HICHAM,Parti Alpha,1743972459.36972
SALIH,Parti Gamma,1743972461.3718355
HICHAM,Parti Alpha,1743972463.3739963
SALIH,Parti Gamma,1743972465.3776402
SALIH,Parti Gamma,1743972467.379204
IKRAM,Parti Bêta,1743972469.382191
HICHAM,Parti Alpha,1743972471.3847103
HICHAM,Parti Alpha,1743972473.3876438
IKRAM,Parti Bêta,1743972475.389736
IKRAM,Parti Bêta,1743972477.3923724
IKRAM,Parti Bêta,1743972479.3960605
SALIH,Parti Gamma,1743972481.3998423
HICHAM,Parti Alpha,1743972483.4017735
IKRAM,Parti Bêta,1743972485.407175
HICHAM,Parti Alpha,1743972487.4108458
IKRAM,Parti Bêta,1743972489.4142804
SALIH,Parti Gamma,1743972491.4170825
IKRAM,Parti Bêta,1743972493.420102
IKRAM,Parti Bêta,1743972495.4249067
IKRAM,Parti Bêta,1743972497.4278212
IKRAM,Parti Bêta,1743972499.4315684
HICHAM,Parti Alpha,1743972501.4342566
SALIH,Parti Gamma,1743972503.4371667
SALIH,Parti Gamma,1743972505.4396586
HICHAM,Parti Alpha,1743972507.4417577
IKRAM,Parti Bêta,1743972509.4441729
SALIH,Parti Gamma,1743972511.4451442
IKRAM,Parti Bêta,1743972513.4486585
SALIH,Parti Gamma,1743972515.450871
SALIH,Parti Gamma,1743972517.454277
IKRAM,Parti Bêta,1743972519.4566998
IKRAM,Parti Bêta,1743972521.4607527
SALIH,Parti Gamma,1743972523.463815
HICHAM,Parti Alpha,1743972525.4661267
HICHAM,Parti Alpha,1743972527.4688685
IKRAM,Parti Bêta,1743972529.471704
HICHAM,Parti Alpha,1743972531.4769895
HICHAM,Parti Alpha,1743972533.4804194
SALIH,Parti Gamma,1743972535.4829361
SALIH,Parti Gamma,1743972537.4857192
IKRAM,Parti Bêta,1743972539.4893253
IKRAM,Parti Bêta,1743972541.493215
HICHAM,Parti Alpha,1743972543.4966722
SALIH,Parti Gamma,1743972545.4993763
HICHAM,Parti Alpha,1743972547.5017617
SALIH,Parti Gamma,1743972549.504176
IKRAM,Parti Bêta,1743972551.5073173
HICHAM,Parti Alpha,1743972553.5102046
IKRAM,Parti Bêta,1743972555.5160248
SALIH,Parti Gamma,1743972557.5209188
HICHAM,Parti Alpha,1743972559.5241315
SALIH,Parti Gamma,1743972561.5272791
HICHAM,Parti Alpha,1743972563.5317323
SALIH,Parti Gamma,1743972565.5338874
SALIH,Parti Gamma,1743972567.5366592
IKRAM,Parti Bêta,1743972569.5391314
SALIH,Parti Gamma,1743972571.5420098
SALIH,Parti Gamma,1743972573.5447013
HICHAM,Parti Alpha,1743972575.5531032
IKRAM,Parti Bêta,1743972577.5621514
SALIH,Parti Gamma,1743972579.5788329
HICHAM,Parti Alpha,1743972581.58188
SALIH,Parti Gamma,1743972583.5843043
IKRAM,Parti Bêta,1743972585.5876825
IKRAM,Parti Bêta,1743972587.5902128
SALIH,Parti Gamma,1743972589.592763
HICHAM,Parti Alpha,1743972591.5946815
SALIH,Parti Gamma,1743972593.5988748
SALIH,Parti Gamma,1743972595.6027775
IKRAM,Parti Bêta,1743972597.6045907
HICHAM,Parti Alpha,1743972599.6079535
SALIH,Parti Gamma,1743972601.6111557
IKRAM,Parti Bêta,1743972603.614005
SALIH,Parti Gamma,1743972605.617114
HICHAM,Parti Alpha,1743972607.6196694
SALIH,Parti Gamma,1743972609.6223593
SALIH,Parti Gamma,1743972611.6249104
SALIH,Parti Gamma,1743972613.6273983
HICHAM,Parti Alpha,1743972615.6309385
SALIH,Parti Gamma,1743972617.633946
SALIH,Parti Gamma,1743972619.6367414
IKRAM,Parti Bêta,1743972621.639776
HICHAM,Parti Alpha,1743972623.642636
SALIH,Parti Gamma,1743972625.6451087
HICHAM,Parti Alpha,1743972627.6476674
SALIH,Parti Gamma,1743972629.6507256
HICHAM,Parti Alpha,1743972631.654055
IKRAM,Parti Bêta,1743972633.6578438
SALIH,Parti Gamma,1743972635.661681
SALIH,Parti Gamma,1743972637.6633298
SALIH,Parti Gamma,1743972639.666925
IKRAM,Parti Bêta,1743972641.6691153
SALIH,Parti Gamma,1743972643.6721833
IKRAM,Parti Bêta,1743972645.675236
SALIH,Parti Gamma,1743972647.678153
HICHAM,Parti Alpha,1743972649.6970737
IKRAM,Parti Bêta,1743972651.6993632
HICHAM,Parti Alpha,1743972653.7000363
HICHAM,Parti Alpha,1743972655.7028246
IKRAM,Parti Bêta,1743972657.7056453
IKRAM,Parti Bêta,1743972659.7079234
IKRAM,Parti Bêta,1743972661.7106402
HICHAM,Parti Alpha,1743972663.712824
HICHAM,Parti Alpha,1743972665.7160914
IKRAM,Parti Bêta,1743972667.7186131
HICHAM,Parti Alpha,1743972669.7227082
IKRAM,Parti Bêta,1743972671.7247906
IKRAM,Parti Bêta,1743972673.7288065
HICHAM,Parti Alpha,1743972675.7306128
HICHAM,Parti Alpha,1743972677.7327302
IKRAM,Parti Bêta,1743972679.736428
HICHAM,Parti Alpha,1743972681.7398565
HICHAM,Parti Alpha,1743972683.7432277
IKRAM,Parti Bêta,1743972685.7456508
SALIH,Parti Gamma,1743972687.7479577
IKRAM,Parti Bêta,1743972689.7508647
IKRAM,Parti Bêta,1743972691.7527192
HICHAM,Parti Alpha,1743972693.754924
HICHAM,Parti Alpha,1743972695.7569516
IKRAM,Parti Bêta,1743972697.759743
HICHAM,Parti Alpha,1743972699.7620785
SALIH,Parti Gamma,1743972701.7649179
SALIH,Parti Gamma,1743972703.7673213
IKRAM,Parti Bêta,1743972705.7709172
IKRAM,Parti Bêta,1743972707.773821
HICHAM,Parti Alpha,1743972709.7772753
SALIH,Parti Gamma,1743972711.7830272
SALIH,Parti Gamma,1743972713.7857835
SALIH,Parti Gamma,1743972715.7895892
SALIH,Parti Gamma,1743972717.7922833
IKRAM,Parti Bêta,1743972719.7957592
SALIH,Parti Gamma,1743972721.7984328
HICHAM,Parti Alpha,1743972723.8019457
SALIH,Parti Gamma,1743972725.8047788
HICHAM,Parti Alpha,1743972727.8078175
IKRAM,Parti Bêta,1743972729.8106778
IKRAM,Parti Bêta,1743972731.8137844
HICHAM,Parti Alpha,1743972733.816957
IKRAM,Parti Bêta,1743972735.8188262
HICHAM,Parti Alpha,1743972737.8214374
IKRAM,Parti Bêta,1743972739.824194
HICHAM,Parti Alpha,1743972741.8281612
IKRAM,Parti Bêta,1743972743.830961
HICHAM,Parti Alpha,1743972745.8333647
IKRAM,Parti Bêta,1743972747.8377838
SALIH,Parti Gamma,1743972749.8396292
SALIH,Parti Gamma,1743972751.8431802
IKRAM,Parti Bêta,1743972753.8457468
SALIH,Parti Gamma,1743972755.847662
SALIH,Parti Gamma,1743972757.849677
IKRAM,Parti Bêta,1743972759.8517253
IKRAM,Parti Bêta,1743972761.8538995
SALIH,Parti Gamma,1743972763.8570104
SALIH,Parti Gamma,1743972765.8606346
SALIH,Parti Gamma,1743972767.8634305
HICHAM,Parti Alpha,1743972769.8659132
SALIH,Parti Gamma,1743972771.8689537
HICHAM,Parti Alpha,1743972773.8724594
SALIH,Parti Gamma,1743972775.8757749
HICHAM,Parti Alpha,1743972777.8815002
SALIH,Parti Gamma,1743972779.8857694
SALIH,Parti Gamma,1743972781.888566
IKRAM,Parti Bêta,1743972783.8914232
HICHAM,Parti Alpha,1743972785.8936906
HICHAM,Parti Alpha,1743972787.8958774
IKRAM,Parti Bêta,1743972789.8987594
IKRAM,Parti Bêta,1743972791.901673
HICHAM,Parti Alpha,1743972793.903182
IKRAM,Parti Bêta,1743972795.905836
IKRAM,Parti Bêta,1743972797.9083645
HICHAM,Parti Alpha,1743972799.911893
SALIH,Parti Gamma,1743972801.9147804
IKRAM,Parti Bêta,1743972803.9170814
HICHAM,Parti Alpha,1743972805.9205344
HICHAM,Parti Alpha,1743972807.9309413
SALIH,Parti Gamma,1743972809.9338768
HICHAM,Parti Alpha,1743972811.935858
IKRAM,Parti Bêta,1743972813.9390821
IKRAM,Parti Bêta,1743972815.9422107
SALIH,Parti Gamma,1743972817.9457119
HICHAM,Parti Alpha,1743972819.9472406
IKRAM,Parti Bêta,1743972821.9497168
IKRAM,Parti Bêta,1743972823.953664
SALIH,Parti Gamma,1743972825.954347
HICHAM,Parti Alpha,1743972827.957213
IKRAM,Parti Bêta,1743972829.959161
SALIH,Parti Gamma,1743972831.962272
IKRAM,Parti Bêta,1743972833.9651768
HICHAM,Parti Alpha,1743972835.968143
IKRAM,Parti Bêta,1743972837.9713948
SALIH,Parti Gamma,1743972839.973514
IKRAM,Parti Bêta,1743972841.975966
IKRAM,Parti Bêta,1743972843.9773514
IKRAM,Parti Bêta,1743972845.9797473
HICHAM,Parti Alpha,1743972847.9816637
IKRAM,Parti Bêta,1743972849.9847577
HICHAM,Parti Alpha,1743972851.9867017
SALIH,Parti Gamma,1743972853.9906511
HICHAM,Parti Alpha,1743972855.9939806
IKRAM,Parti Bêta,1743972857.9956203
HICHAM,Parti Alpha,1743972859.9989073
SALIH,Parti Gamma,1743972862.0006893
HICHAM,Parti Alpha,1743972864.003005
SALIH,Parti Gamma,1743972866.0057802
IKRAM,Parti Bêta,1743972868.0082426
IKRAM,Parti Bêta,1743972870.0116477
SALIH,Parti Gamma,1743972872.013731
HICHAM,Parti Alpha,1743972874.0166466
IKRAM,Parti Bêta,1743972876.01894
SALIH,Parti Gamma,1743972878.0221822
SALIH,Parti Gamma,1743972880.0251257
SALIH,PARTI A,1743920000
SALIH,Parti Gamma,1743972882.0280566
SALIH,Parti Gamma,1743972884.030887
SALIH,Parti Gamma,1743972886.0347867
HICHAM,Parti Alpha,1743972888.0378213
HICHAM,Parti Alpha,1743972890.039559
IKRAM,Parti Bêta,1743972892.0424445
IKRAM,Parti Bêta,1743972894.0448096
SALIH,Parti Gamma,1743972896.048182
HICHAM,Parti Alpha,1743972898.051737
IKRAM,Parti Bêta,1743972900.054359
IKRAM,Parti Bêta,1743972902.057077
HICHAM,Parti Alpha,1743972904.059784
SALIH,Parti Gamma,1743972906.0626004
HICHAM,Parti Alpha,1743972908.0657787
SALIH,Parti Gamma,1743972910.06774
HICHAM,Parti Alpha,1743972912.072333
SALIH,Parti Gamma,1743972914.0750923
IKRAM,Parti Bêta,1743972916.0790288
HICHAM,Parti Alpha,1743972918.0818055
IKRAM,Parti Bêta,1743972920.083747
SALIH,Parti Gamma,1743972922.0870504
HICHAM,Parti Alpha,1743972924.09057
IKRAM,Parti Bêta,1743972926.093954
IKRAM,Parti Bêta,1743972928.0966961
HICHAM,Parti Alpha,1743972930.1027849
SALIH,Parti Gamma,1743972932.1059213
IKRAM,Parti Bêta,1743972934.109281
IKRAM,Parti Bêta,1743972936.111861
HICHAM,Parti Alpha,1743972938.1144586
IKRAM,Parti Bêta,1743972940.1170452
HICHAM,Parti Alpha,1743972942.11977
IKRAM,Parti Bêta,1743972944.1222162
SALIH,Parti Gamma,1743972946.1247418
HICHAM,Parti Alpha,1743972948.1266992
IKRAM,Parti Bêta,1743972950.1297662
HICHAM,Parti Alpha,1743972952.1317744
IKRAM,Parti Bêta,1743972954.1338644
SALIH,Parti Gamma,1743972956.135629
HICHAM,Parti Alpha,1743972958.1383712
IKRAM,Parti Bêta,1743972960.1418018
HICHAM,Parti Alpha,1743972962.1466382
HICHAM,Parti Alpha,1743972964.1496356
IKRAM,Parti Bêta,1743972966.153104
SALIH,Parti Gamma,1743972968.156828
IKRAM,Parti Bêta,1743972970.159591
IKRAM,Parti Bêta,1743972972.161752
IKRAM,Parti Bêta,1743972974.1649623
HICHAM,Parti Alpha,1743972976.167962
IKRAM,Parti Bêta,1743972978.1710052
SALIH,Parti Gamma,1743972980.1743565
HICHAM,Parti Alpha,1743972982.17819
SALIH,Parti Gamma,1743972984.181286
HICHAM,Parti Alpha,1743972986.184669
IKRAM,Parti Bêta,1743972988.1864247
IKRAM,Parti Bêta,1743972990.1907177
SALIH,Parti Gamma,1743972992.1928396
HICHAM,Parti Alpha,1743972994.1950796
IKRAM,Parti Bêta,1743972996.2010784
HICHAM,Parti Alpha,1743972998.2037306
IKRAM,Parti Bêta,1743973000.2060375
IKRAM,Parti Bêta,1743973002.208695
IKRAM,Parti Bêta,1743973004.2115903
IKRAM,Parti Bêta,1743973006.214637
SALIH,Parti Gamma,1743973008.2166657
IKRAM,Parti Bêta,1743973010.2199526
HICHAM,Parti Alpha,1743973012.223898
SALIH,Parti Gamma,1743973014.2266378
SALIH,Parti Gamma,1743973016.2298508
SALIH,Parti Gamma,1743973018.2321396
IKRAM,Parti Bêta,1743973020.2347045
HICHAM,Parti Alpha,1743973022.2375085
SALIH,Parti Gamma,1743973024.2399495
SALIH,Parti Gamma,1743973026.2418714
SALIH,Parti Gamma,1743973028.243914
SALIH,Parti Gamma,1743973030.2466984
HICHAM,Parti Alpha,1743973032.24972
IKRAM,Parti Bêta,1743973034.2528942
SALIH,Parti Gamma,1743973036.2551458
IKRAM,Parti Bêta,1743973038.257997
SALIH,Parti Gamma,1743973040.2610278
IKRAM,Parti Bêta,1743973042.2637022
HICHAM,Parti Alpha,1743973044.266027
IKRAM,Parti Bêta,1743973046.2691853
HICHAM,Parti Alpha,1743973048.2723503
IKRAM,Parti Bêta,1743973050.2767136
SALIH,Parti Gamma,1743973052.279644
IKRAM,Parti Bêta,1743973054.2820678
HICHAM,Parti Alpha,1743973056.2865782
IKRAM,Parti Bêta,1743973058.288865
IKRAM,Parti Bêta,1743973060.2912126
HICHAM,Parti Alpha,1743973062.2943344
IKRAM,Parti Bêta,1743973064.2966566
SALIH,Parti Gamma,1743973066.3014328
HICHAM,Parti Alpha,1743973068.3047001
IKRAM,Parti Bêta,1743973070.3073335
HICHAM,Parti Alpha,1743973072.3119023
SALIH,Parti Gamma,1743973074.3142004
HICHAM,Parti Alpha,1743973076.3169794
IKRAM,Parti Bêta,1743973078.3192003
IKRAM,Parti Bêta,1743973080.3201277
SALIH,Parti Gamma,1743973082.322643
HICHAM,Parti Alpha,1743973084.3291075
HICHAM,Parti Alpha,1743973086.3319073
SALIH,Parti Gamma,1743973088.335073
SALIH,Parti Gamma,1743973090.3382573
IKRAM,Parti Bêta,1743973092.3410494
IKRAM,Parti Bêta,1743973094.3421845
SALIH,Parti Gamma,1743973096.3447373
SALIH,Parti Gamma,1743973098.3479638
HICHAM,Parti Alpha,1743973100.350713
SALIH,Parti Gamma,1743973102.3537366
IKRAM,Parti Bêta,1743973104.3557434
HICHAM,Parti Alpha,1743973106.358588
SALIH,Parti Gamma,1743973108.3608282
SALIH,Parti Gamma,1743973110.3628097
HICHAM,Parti Alpha,1743973112.3660402
HICHAM,Parti Alpha,1743973114.369285
IKRAM,Parti Bêta,1743973116.3716204
SALIH,Parti Gamma,1743973118.3734815
HICHAM,Parti Alpha,1743973120.3768852
IKRAM,Parti Bêta,1743973122.3803053
IKRAM,Parti Bêta,1743973124.3866944
SALIH,Parti Gamma,1743973126.3909554
IKRAM,Parti Bêta,1743973128.393127
SALIH,Parti Gamma,1743973130.3950691
HICHAM,Parti Alpha,1743973132.3986685
IKRAM,Parti Bêta,1743973134.400757
SALIH,Parti Gamma,1743973136.4039652
IKRAM,Parti Bêta,1743973138.4067597
SALIH,Parti Gamma,1743973140.408876
HICHAM,Parti Alpha,1743973142.4117608
SALIH,Parti Gamma,1743973144.4166827
HICHAM,Parti Alpha,1743973146.4186668
SALIH,Parti Gamma,1743973148.4208488
SALIH,Parti Gamma,1743973150.4229808
HICHAM,Parti Alpha,1743973152.4248343
IKRAM,Parti Bêta,1743973154.427915
SALIH,Parti Gamma,1743973156.4309525
HICHAM,Parti Alpha,1743973158.4342043
SALIH,Parti Gamma,1743973160.438406
SALIH,Parti Gamma,1743973162.44084
HICHAM,Parti Alpha,1743973164.443412
HICHAM,Parti Alpha,1743973166.4467833
HICHAM,Parti Alpha,1743973168.4488893
SALIH,Parti Gamma,1743973170.4507418
IKRAM,Parti Bêta,1743973172.4529142
IKRAM,Parti Bêta,1743973174.4547238
HICHAM,Parti Alpha,1743973176.4578283
IKRAM,Parti Bêta,1743973178.4611924
SALIH,Parti Gamma,1743973180.4638636
HICHAM,Parti Alpha,1743973182.4670064
SALIH,Parti Gamma,1743973184.4712481
IKRAM,Parti Bêta,1743973186.4750884
HICHAM,Parti Alpha,1743973188.478247
HICHAM,Parti Alpha,1743973190.4822707
IKRAM,Parti Bêta,1743973192.485307
SALIH,Parti Gamma,1743973194.4878843
SALIH,Parti Gamma,1743973196.4905388
HICHAM,Parti Alpha,1743973198.4933026
HICHAM,Parti Alpha,1743973200.4966507
IKRAM,Parti Bêta,1743973202.4991653
IKRAM,Parti Bêta,1743973204.5019803
IKRAM,Parti Bêta,1743973206.505597
HICHAM,Parti Alpha,1743973208.50667
IKRAM,Parti Bêta,1743973210.5090752
SALIH,Parti Gamma,1743973212.5116725
HICHAM,Parti Alpha,1743973214.5143888
SALIH,Parti Gamma,1743973216.5170543
SALIH,Parti Gamma,1743973218.5200937
HICHAM,Parti Alpha,1743973220.5232472
HICHAM,Parti Alpha,1743973222.526202
HICHAM,Parti Alpha,1743973224.5289202
SALIH,Parti Gamma,1743973226.5320916
HICHAM,Parti Alpha,1743973228.5351844
HICHAM,Parti Alpha,1743973230.537945
IKRAM,Parti Bêta,1743973232.5396423
HICHAM,Parti Alpha,1743973234.5429504
IKRAM,Parti Bêta,1743973236.5448706
SALIH,Parti Gamma,1743973238.5460575
SALIH,Parti Gamma,1743973240.548957
IKRAM,Parti Bêta,1743973242.5519848
HICHAM,Parti Alpha,1743973244.5550818
IKRAM,Parti Bêta,1743973246.5583436
IKRAM,Parti Bêta,1743973248.5616424
IKRAM,Parti Bêta,1743973250.5648484
SALIH,Parti Gamma,1743973252.566858
IKRAM,Parti Bêta,1743973254.5685868
HICHAM,Parti Alpha,1743973256.5709808
HICHAM,Parti Alpha,1743973258.5735927
HICHAM,Parti Alpha,1743973260.5757139
HICHAM,Parti Alpha,1743973262.579119
IKRAM,Parti Bêta,1743973264.5820842
IKRAM,Parti Bêta,1743973266.5852354
SALIH,Parti Gamma,1743973268.588764
SALIH,Parti Gamma,1743973270.5912216
HICHAM,Parti Alpha,1743973272.5945506
IKRAM,Parti Bêta,1743973274.5979185
SALIH,Parti Gamma,1743973276.6005967
HICHAM,Parti Alpha,1743973278.6039383
IKRAM,Parti Bêta,1743973280.6059465
IKRAM,Parti Bêta,1743973282.6079795
IKRAM,Parti Bêta,1743973284.6113021
HICHAM,Parti Alpha,1743973286.6127577
IKRAM,Parti Bêta,1743973288.613973
IKRAM,Parti Bêta,1743973290.6166892
HICHAM,Parti Alpha,1743973292.6180227
SALIH,Parti Gamma,1743973294.6197405
IKRAM,Parti Bêta,1743973296.6217756
HICHAM,Parti Alpha,1743973298.6237328
HICHAM,Parti Alpha,1743973300.6258864
SALIH,Parti Gamma,1743973302.6287339
SALIH,Parti Gamma,1743973304.6317403
IKRAM,Parti Bêta,1743973306.6360552
IKRAM,Parti Bêta,1743973308.6386883
IKRAM,Parti Bêta,1743973310.6437585
HICHAM,Parti Alpha,1743973312.6467419
IKRAM,Parti Bêta,1743973314.6491933
IKRAM,Parti Bêta,1743973316.6522784
HICHAM,Parti Alpha,1743973318.6564035
HICHAM,Parti Alpha,1743973320.6598976
SALIH,Parti Gamma,1743973322.6628609
IKRAM,Parti Bêta,1743973324.6649406
IKRAM,Parti Bêta,1743973326.6681545
IKRAM,Parti Bêta,1743973328.6707745
HICHAM,Parti Alpha,1743973330.6719775
HICHAM,Parti Alpha,1743973332.6738117
SALIH,Parti Gamma,1743973334.6761055
SALIH,Parti Gamma,1743973336.6800702
SALIH,Parti Gamma,1743973338.6830792
HICHAM,Parti Alpha,1743973340.6857646
HICHAM,Parti Alpha,1743973342.6868956
IKRAM,Parti Bêta,1743973344.692087
HICHAM,Parti Alpha,1743973346.6940498
HICHAM,Parti Alpha,1743973348.6967971
HICHAM,Parti Alpha,1743973350.698665
IKRAM,Parti Bêta,1743973352.7017038
SALIH,Parti Gamma,1743973354.7044046
HICHAM,Parti Alpha,1743973356.707275
IKRAM,Parti Bêta,1743973358.7102835
SALIH,Parti Gamma,1743973360.712731
HICHAM,Parti Alpha,1743973362.7150323
IKRAM,Parti Bêta,1743973364.7191415
IKRAM,Parti Bêta,1743973366.722629
SALIH,Parti Gamma,1743973368.7259367
IKRAM,Parti Bêta,1743973370.7288966
HICHAM,Parti Alpha,1743973372.7321165
IKRAM,Parti Bêta,1743973374.734809
HICHAM,Parti Alpha,1743973376.737986
IKRAM,Parti Bêta,1743973378.7403357
SALIH,Parti Gamma,1743973380.7429225
SALIH,Parti Gamma,1743973382.7460773
HICHAM,Parti Alpha,1743973384.752748
IKRAM,Parti Bêta,1743973386.757018
SALIH,Parti Gamma,1743973388.7601988
IKRAM,Parti Bêta,1743973390.7630548
HICHAM,Parti Alpha,1743973392.7659464
IKRAM,Parti Bêta,1743973394.7687843
HICHAM,Parti Alpha,1743973396.771022
HICHAM,Parti Alpha,1743973398.7741485
IKRAM,Parti Bêta,1743973400.7772586
IKRAM,Parti Bêta,1743973402.7795706
SALIH,Parti Gamma,1743973404.782103
SALIH,Parti Gamma,1743973406.7843971
IKRAM,Parti Bêta,1743973408.7861924
IKRAM,Parti Bêta,1743973410.7887752
SALIH,Parti Gamma,1743973412.790705
HICHAM,Parti Alpha,1743973414.792837
HICHAM,Parti Alpha,1743973416.7939255
SALIH,Parti Gamma,1743973418.795968
HICHAM,Parti Alpha,1743973420.7992706
IKRAM,Parti Bêta,1743973422.8022473
IKRAM,Parti Bêta,1743973424.8050427
IKRAM,Parti Bêta,1743973426.8068469
HICHAM,Parti Alpha,1743973428.8098755
IKRAM,Parti Bêta,1743973430.8117764
SALIH,Parti Gamma,1743973432.8156967
HICHAM,Parti Alpha,1743973434.8176627
IKRAM,Parti Bêta,1743973436.8188357
SALIH,Parti Gamma,1743973438.8216875
HICHAM,Parti Alpha,1743973440.8271537
IKRAM,Parti Bêta,1743973442.829797
IKRAM,Parti Bêta,1743973444.8325572
SALIH,Parti Gamma,1743973446.8359365
SALIH,Parti Gamma,1743973448.8373222
SALIH,Parti Gamma,1743973450.8412504
SALIH,Parti Gamma,1743973452.8439345
HICHAM,Parti Alpha,1743973454.846789
IKRAM,Parti Bêta,1743973456.8495982
HICHAM,Parti Alpha,1743973458.8519208
SALIH,Parti Gamma,1743973460.8548596
HICHAM,Parti Alpha,1743973462.8568313
SALIH,Parti Gamma,1743973464.8589334
HICHAM,Parti Alpha,1743973466.8616202
SALIH,Parti Gamma,1743973468.8641205
HICHAM,Parti Alpha,1743973470.867035
IKRAM,Parti Bêta,1743973472.8700356
IKRAM,Parti Bêta,1743973474.8731828
SALIH,Parti Gamma,1743973476.8759193
IKRAM,Parti Bêta,1743973478.8780668
SALIH,Parti Gamma,1743973480.8829963
HICHAM,Parti Alpha,1743973482.8858645
IKRAM,Parti Bêta,1743973484.88889
HICHAM,Parti Alpha,1743973486.890572
HICHAM,Parti Alpha,1743973488.892948
SALIH,Parti Gamma,1743973490.8958554
SALIH,Parti Gamma,1743973492.8990195
SALIH,Parti Gamma,1743973494.9009678
IKRAM,Parti Bêta,1743973496.9039972
SALIH,Parti Gamma,1743973498.9071655
HICHAM,Parti Alpha,1743973500.910354
SALIH,Parti Gamma,1743973502.9132137
IKRAM,Parti Bêta,1743973504.9160347
SALIH,Parti Gamma,1743973506.9179592
SALIH,Parti Gamma,1743973508.9210782
SALIH,Parti Gamma,1743973510.9239411
IKRAM,Parti Bêta,1743973512.9257643
SALIH,Parti Gamma,1743973514.92775
IKRAM,Parti Bêta,1743973516.930039
IKRAM,Parti Bêta,1743973518.9322674
HICHAM,Parti Alpha,1743973520.936999
SALIH,Parti Gamma,1743973522.940337
HICHAM,Parti Alpha,1743973524.9447744
IKRAM,Parti Bêta,1743973526.9469671
HICHAM,Parti Alpha,1743973528.9498615
HICHAM,Parti Alpha,1743973530.9523041
SALIH,Parti Gamma,1743973532.9549901
IKRAM,Parti Bêta,1743973534.9568613
IKRAM,Parti Bêta,1743973536.9593813
SALIH,Parti Gamma,1743973538.9621565
SALIH,Parti Gamma,1743973540.9651916
SALIH,Parti Gamma,1743973542.9686694
SALIH,Parti Gamma,1743973544.9711072
IKRAM,Parti Bêta,1743973546.9736326
HICHAM,Parti Alpha,1743973548.975969
HICHAM,Parti Alpha,1743973550.9781945
HICHAM,Parti Alpha,1743973552.980662
HICHAM,Parti Alpha,1743973554.9832914
HICHAM,Parti Alpha,1743973556.9931006
IKRAM,Parti Bêta,1743973558.9961302
HICHAM,Parti Alpha,1743973560.9986334
SALIH,Parti Gamma,1743973563.000418
SALIH,Parti Gamma,1743973565.0026407
SALIH,Parti Gamma,1743973567.0052726
SALIH,Parti Gamma,1743973569.0079353
HICHAM,Parti Alpha,1743973571.009981
HICHAM,Parti Alpha,1743973573.0129025
IKRAM,Parti Bêta,1743973575.0150194
SALIH,Parti Gamma,1743973577.0181606
HICHAM,Parti Alpha,1743973579.020875
SALIH,Parti Gamma,1743973581.0238562
HICHAM,Parti Alpha,1743973583.0263522
SALIH,Parti Gamma,1743973585.0297785
SALIH,Parti Gamma,1743973587.0327575
HICHAM,Parti Alpha,1743973589.0352116
SALIH,Parti Gamma,1743973591.038311
SALIH,Parti Gamma,1743973593.041359
HICHAM,Parti Alpha,1743973595.044217
SALIH,Parti Gamma,1743973597.0472763
IKRAM,Parti Bêta,1743973599.0484202
SALIH,Parti Gamma,1743973601.0517669
IKRAM,Parti Bêta,1743973603.0550406
SALIH,Parti Gamma,1743973605.0571377
HICHAM,Parti Alpha,1743973607.0599556
HICHAM,Parti Alpha,1743973609.0627165
SALIH,Parti Gamma,1743973611.0654223
SALIH,Parti Gamma,1743973613.0676038
HICHAM,Parti Alpha,1743973615.070029
SALIH,Parti Gamma,1743973617.0731194
IKRAM,Parti Bêta,1743973619.076441
SALIH,Parti Gamma,1743973621.0777602
HICHAM,Parti Alpha,1743973623.0796413
SALIH,Parti Gamma,1743973625.0830293
HICHAM,Parti Alpha,1743973627.0863035
SALIH,Parti Gamma,1743973629.0890558
HICHAM,Parti Alpha,1743973631.0922732
HICHAM,Parti Alpha,1743973633.0953043
HICHAM,Parti Alpha,1743973635.0980287
SALIH,Parti Gamma,1743973637.0990355
IKRAM,Parti Bêta,1743973639.101688
HICHAM,Parti Alpha,1743973641.1036966
IKRAM,Parti Bêta,1743973643.107778
SALIH,Parti Gamma,1743973645.1116962
HICHAM,Parti Alpha,1743973647.1149285
SALIH,Parti Gamma,1743973649.1187093
HICHAM,Parti Alpha,1743973651.1217878
IKRAM,Parti Bêta,1743973653.1238194
SALIH,Parti Gamma,1743973655.125539
HICHAM,Parti Alpha,1743973657.1277323
HICHAM,Parti Alpha,1743973659.1296656
IKRAM,Parti Bêta,1743973661.1330366
IKRAM,Parti Bêta,1743973663.137766
IKRAM,Parti Bêta,1743973665.1421585
SALIH,Parti Gamma,1743973667.1437843
HICHAM,Parti Alpha,1743973669.1468034
SALIH,Parti Gamma,1743973671.1489758
SALIH,Parti Gamma,1743973673.151723
SALIH,Parti Gamma,1743973675.154587
HICHAM,Parti Alpha,1743973677.155406
SALIH,Parti Gamma,1743973679.1580253
HICHAM,Parti Alpha,1743973681.1609168
SALIH,Parti Gamma,1743973683.1656878
SALIH,Parti Gamma,1743973685.1687038
HICHAM,Parti Alpha,1743973687.171259
IKRAM,Parti Bêta,1743973689.174734
IKRAM,Parti Bêta,1743973691.1775522
IKRAM,Parti Bêta,1743973693.1808207
IKRAM,Parti Bêta,1743973695.1843128
IKRAM,Parti Bêta,1743973697.1890533
HICHAM,Parti Alpha,1743973699.1918175
SALIH,Parti Gamma,1743973701.1937377
IKRAM,Parti Bêta,1743973703.1962395
SALIH,Parti Gamma,1743973705.1988044
HICHAM,Parti Alpha,1743973707.2019994
SALIH,Parti Gamma,1743973709.2067537
HICHAM,Parti Alpha,1743973711.2099946
HICHAM,Parti Alpha,1743973713.212805
IKRAM,Parti Bêta,1743973715.2155461
IKRAM,Parti Bêta,1743973717.2180958
IKRAM,Parti Bêta,1743973719.220675
SALIH,Parti Gamma,1743973721.2239525
IKRAM,Parti Bêta,1743973723.2257974
SALIH,Parti Gamma,1743973725.2299573
SALIH,Parti Gamma,1743973727.23229
SALIH,Parti Gamma,1743973729.2350142
SALIH,Parti Gamma,1743973731.2356594
SALIH,Parti Gamma,1743973733.2383816
SALIH,Parti Gamma,1743973735.2406347
HICHAM,Parti Alpha,1743973737.2432623
SALIH,Parti Gamma,1743973739.244858
SALIH,Parti Gamma,1743973741.2482805
HICHAM,Parti Alpha,1743973743.2490604
HICHAM,Parti Alpha,1743973745.2519045
IKRAM,Parti Bêta,1743973747.2547064
HICHAM,Parti Alpha,1743973749.2580316
HICHAM,Parti Alpha,1743973751.2611778
HICHAM,Parti Alpha,1743973753.2638857
SALIH,Parti Gamma,1743973755.280103
HICHAM,Parti Alpha,1743973757.3348658
IKRAM,Parti Bêta,1743973759.3380542
IKRAM,Parti Bêta,1743973773.1181076
HICHAM,Parti Alpha,1743973835.495103
SALIH,Parti Gamma,1743973837.5598335
HICHAM,Parti Alpha,1743973839.562718
HICHAM,Parti Alpha,1743973841.5651934
SALIH,Parti Gamma,1743973843.5694377
SALIH,Parti Gamma,1743973845.5717432
SALIH,Parti Gamma,1743973847.5737958
IKRAM,Parti Bêta,1743973849.5761132
HICHAM,Parti Alpha,1743973851.5808632
IKRAM,Parti Bêta,1743973853.5868442
HICHAM,Parti Alpha,1743973855.589657
HICHAM,Parti Alpha,1743973857.5930223
HICHAM,Parti Alpha,1743973859.5966341
IKRAM,Parti Bêta,1743973861.5990188
SALIH,Parti Gamma,1743973863.6082282
SALIH,Parti Gamma,1743973869.0884447
HICHAM,Parti Alpha,1743973871.1196227
SALIH,Parti Gamma,1743973873.1217165
HICHAM,Parti Alpha,1743973875.124886
SALIH,Parti Gamma,1743973877.129965
IKRAM,Parti Bêta,1743973879.133153
IKRAM,Parti Bêta,1743973881.1356888
SALIH,Parti Gamma,1743973883.1380346
IKRAM,Parti Bêta,1743973885.1414027
HICHAM,Parti Alpha,1743973887.1443675
IKRAM,Parti Bêta,1743973889.146999
IKRAM,Parti Bêta,1743973891.1501157
SALIH,Parti Gamma,1743973893.1532524
SALIH,Parti Gamma,1743973895.157215
HICHAM,Parti Alpha,1743973897.1604586
HICHAM,Parti Alpha,1743973899.164597
SALIH,Parti Gamma,1743973901.1666586
SALIH,Parti Gamma,1743973903.170241
IKRAM,Parti Bêta,1743973905.173698
HICHAM,Parti Alpha,1743973907.176064
HICHAM,Parti Alpha,1743973909.1768582
IKRAM,Parti Bêta,1743973911.1794899
HICHAM,Parti Alpha,1743973913.1822028
IKRAM,Parti Bêta,1743973915.1848538
IKRAM,Parti Bêta,1743973917.1870427
IKRAM,Parti Bêta,1743973919.1903095
IKRAM,Parti Bêta,1743973921.192894
SALIH,Parti Gamma,1743973923.194713
IKRAM,Parti Bêta,1743973925.1975899
IKRAM,Parti Bêta,1743973927.199719
SALIH,Parti Gamma,1743973929.2025943
HICHAM,Parti Alpha,1743973931.2054648
SALIH,Parti Gamma,1743973933.208297
SALIH,Parti Gamma,1743973935.211605
IKRAM,Parti Bêta,1743973937.2143524
SALIH,Parti Gamma,1743973939.217656
HICHAM,Parti Alpha,1743973941.2207768
HICHAM,Parti Alpha,1743973943.2230353
HICHAM,Parti Alpha,1743973945.2260432
SALIH,Parti Gamma,1743973947.2292268
HICHAM,Parti Alpha,1743973949.2319136
IKRAM,Parti Bêta,1743973951.234091
IKRAM,Parti Bêta,1743973953.237381
HICHAM,Parti Alpha,1743973955.2390652
SALIH,Parti Gamma,1743973957.2423332
SALIH,Parti Gamma,1743973959.244959
SALIH,Parti Gamma,1743973961.2477179
SALIH,Parti Gamma,1743973963.2503142
IKRAM,Parti Bêta,1743973965.253366
SALIH,Parti Gamma,1743973967.2560394
SALIH,Parti Gamma,1743973969.2586875
HICHAM,Parti Alpha,1743973971.2614706
IKRAM,Parti Bêta,1743973973.2650611
HICHAM,Parti Alpha,1743973975.2691042
IKRAM,Parti Bêta,1743973977.2718232
SALIH,Parti Gamma,1743973979.2740278
HICHAM,Parti Alpha,1743973981.2763312
HICHAM,Parti Alpha,1743973983.279344
SALIH,Parti Gamma,1743973985.2850935
HICHAM,Parti Alpha,1743973987.2882962
IKRAM,Parti Bêta,1743973989.2906997
SALIH,Parti Gamma,1743973991.2929986
HICHAM,Parti Alpha,1743973993.2946997
IKRAM,Parti Bêta,1743973995.297943
SALIH,Parti Gamma,1743973997.3005338
SALIH,Parti Gamma,1743973999.303318
SALIH,Parti Gamma,1743974001.3056123
IKRAM,Parti Bêta,1743974003.3076825
SALIH,Parti Gamma,1743974005.3107076
SALIH,Parti Gamma,1743974007.313189
IKRAM,Parti Bêta,1743974009.3166606
HICHAM,Parti Alpha,1743974011.3189604
IKRAM,Parti Bêta,1743974013.3231003
HICHAM,Parti Alpha,1743974015.3266294
SALIH,Parti Gamma,1743974017.3293633
HICHAM,Parti Alpha,1743974019.3326683
IKRAM,Parti Bêta,1743974021.3358924
HICHAM,Parti Alpha,1743974023.3382726
SALIH,Parti Gamma,1743974025.3409164
HICHAM,Parti Alpha,1743974027.3431568
SALIH,Parti Gamma,1743974029.3460257
HICHAM,Parti Alpha,1743974031.3478038
SALIH,Parti Gamma,1743974033.351031
IKRAM,Parti Bêta,1743974035.3544233
HICHAM,Parti Alpha,1743974037.357664
SALIH,Parti Gamma,1743974039.3602288
HICHAM,Parti Alpha,1743974041.3648393
IKRAM,Parti Bêta,1743974043.365781
IKRAM,Parti Bêta,1743974045.368741
IKRAM,Parti Bêta,1743974047.3717206
IKRAM,Parti Bêta,1743974049.374218
IKRAM,Parti Bêta,1743974051.3765965
IKRAM,Parti Bêta,1743974053.3789842
IKRAM,Parti Bêta,1743974055.3820555
HICHAM,Parti Alpha,1743974057.385088
HICHAM,Parti Alpha,1743974059.3881514
IKRAM,Parti Bêta,1743974061.390691
IKRAM,Parti Bêta,1743974063.392642
IKRAM,Parti Bêta,1743974065.3957846
IKRAM,Parti Bêta,1743974067.3987954
IKRAM,Parti Bêta,1743974069.4018445
SALIH,Parti Gamma,1743974071.4050584
SALIH,Parti Gamma,1743974073.408235
IKRAM,Parti Bêta,1743974075.4119692
IKRAM,Parti Bêta,1743974077.41474
HICHAM,Parti Alpha,1743974079.4177003
HICHAM,Parti Alpha,1743974081.4214392
HICHAM,Parti Alpha,1743974083.4249184
HICHAM,Parti Alpha,1743974085.4276907
SALIH,Parti Gamma,1743974087.4302042
HICHAM,Parti Alpha,1743974089.4341087
HICHAM,Parti Alpha,1743974091.4375803
HICHAM,Parti Alpha,1743974093.440929
HICHAM,Parti Alpha,1743974095.442784
SALIH,Parti Gamma,1743974097.4448633
IKRAM,Parti Bêta,1743974099.447297
IKRAM,Parti Bêta,1743974101.4503198
SALIH,Parti Gamma,1743974103.4533143
HICHAM,Parti Alpha,1743974105.45566
IKRAM,Parti Bêta,1743974107.4579198
SALIH,Parti Gamma,1743974109.4609735
IKRAM,Parti Bêta,1743974111.463874
HICHAM,Parti Alpha,1743974113.4660912
SALIH,Parti Gamma,1743974115.4678614
SALIH,Parti Gamma,1743974117.4707227
HICHAM,Parti Alpha,1743974119.4738057
HICHAM,Parti Alpha,1743974121.4767182
SALIH,Parti Gamma,1743974123.4778945
SALIH,Parti Gamma,1743974125.4807315
IKRAM,Parti Bêta,1743974127.4830003
SALIH,Parti Gamma,1743974129.4858673
IKRAM,Parti Bêta,1743974131.4877524
SALIH,Parti Gamma,1743974133.4909554
SALIH,Parti Gamma,1743974135.4927888
IKRAM,Parti Bêta,1743974137.4953537
SALIH,Parti Gamma,1743974139.4981418
IKRAM,Parti Bêta,1743974141.5009618
SALIH,Parti Gamma,1743974143.5035756
HICHAM,Parti Alpha,1743974145.5079327
SALIH,Parti Gamma,1743974147.510167
HICHAM,Parti Alpha,1743974149.512746
IKRAM,Parti Bêta,1743974151.5168705
SALIH,Parti Gamma,1743974153.5189075
IKRAM,Parti Bêta,1743974155.5214288
IKRAM,Parti Bêta,1743974157.52467
HICHAM,Parti Alpha,1743974159.5280151
IKRAM,Parti Bêta,1743974161.5326455
SALIH,Parti Gamma,1743974163.5350797
HICHAM,Parti Alpha,1743974165.5386767
IKRAM,Parti Bêta,1743974167.5408878
SALIH,Parti Gamma,1743974169.5438538
HICHAM,Parti Alpha,1743974171.5458171
IKRAM,Parti Bêta,1743974173.548722
IKRAM,Parti Bêta,1743974175.5546014
SALIH,Parti Gamma,1743974177.5578334
SALIH,Parti Gamma,1743974179.5601242
IKRAM,Parti Bêta,1743974181.5629911
HICHAM,Parti Alpha,1743974183.5656455
HICHAM,Parti Alpha,1743974185.5681102
SALIH,Parti Gamma,1743974187.5706732
SALIH,Parti Gamma,1743974189.572584
HICHAM,Parti Alpha,1743974191.5748513
IKRAM,Parti Bêta,1743974193.577814
IKRAM,Parti Bêta,1743974195.5808575
IKRAM,Parti Bêta,1743974197.5837631
IKRAM,Parti Bêta,1743974199.5866616
IKRAM,Parti Bêta,1743974201.5899165
IKRAM,Parti Bêta,1743974203.5916626
HICHAM,Parti Alpha,1743974205.5939956
IKRAM,Parti Bêta,1743974207.596971
IKRAM,Parti Bêta,1743974209.5988436
SALIH,Parti Gamma,1743974211.6020327
HICHAM,Parti Alpha,1743974213.6048815
IKRAM,Parti Bêta,1743974215.6068742
SALIH,Parti Gamma,1743974217.6101847
IKRAM,Parti Bêta,1743974219.612978
HICHAM,Parti Alpha,1743974221.614794
HICHAM,Parti Alpha,1743974223.6166556
SALIH,Parti Gamma,1743974225.6195364
HICHAM,Parti Alpha,1743974227.6217952
SALIH,Parti Gamma,1743974229.6263127
SALIH,Parti Gamma,1743974231.629582
IKRAM,Parti Bêta,1743974233.6317844
SALIH,Parti Gamma,1743974235.6346254
IKRAM,Parti Bêta,1743974237.63671
IKRAM,Parti Bêta,1743974239.6379888
SALIH,Parti Gamma,1743974241.640881
HICHAM,Parti Alpha,1743974243.6431322
HICHAM,Parti Alpha,1743974245.6467385
HICHAM,Parti Alpha,1743974247.6491148
IKRAM,Parti Bêta,1743974249.6523793
SALIH,Parti Gamma,1743974251.6546125
IKRAM,Parti Bêta,1743974253.657887
SALIH,Parti Gamma,1743974255.6587331
SALIH,Parti Gamma,1743974257.661062
IKRAM,Parti Bêta,1743974259.6630688
IKRAM,Parti Bêta,1743974261.6658733
IKRAM,Parti Bêta,1743974263.667851
SALIH,Parti Gamma,1743974265.670754
HICHAM,Parti Alpha,1743974267.6732085
IKRAM,Parti Bêta,1743974269.675709
SALIH,Parti Gamma,1743974271.6789517
HICHAM,Parti Alpha,1743974273.682744
IKRAM,Parti Bêta,1743974275.685396
HICHAM,Parti Alpha,1743974277.6881669
IKRAM,Parti Bêta,1743974279.6909244
IKRAM,Parti Bêta,1743974281.6937256
SALIH,Parti Gamma,1743974283.6955423
IKRAM,Parti Bêta,1743974285.6983514
SALIH,Parti Gamma,1743974287.7017698
SALIH,Parti Gamma,1743974289.7048218
IKRAM,Parti Bêta,1743974291.7079637
HICHAM,Parti Alpha,1743974293.7099514
SALIH,Parti Gamma,1743974295.7118382
SALIH,Parti Gamma,1743974297.7146163
SALIH,Parti Gamma,1743974299.7168565
IKRAM,Parti Bêta,1743974301.720003
HICHAM,Parti Alpha,1743974303.7222722
HICHAM,Parti Alpha,1743974305.7260609
HICHAM,Parti Alpha,1743974307.7273397
SALIH,Parti Gamma,1743974309.7316732
IKRAM,Parti Bêta,1743974311.7337406
SALIH,Parti Gamma,1743974313.7362702
SALIH,Parti Gamma,1743974315.7393172
SALIH,Parti Gamma,1743974317.7449782
SALIH,Parti Gamma,1743974319.7471244
SALIH,Parti Gamma,1743974321.7491257
